1646731868|"Max Mustermann"|max.mustermann@tribe29.com
1646731869|"Burgundy Flemming"|burgundy.flemming@tribe29.com
1646731870|"Shequondolisa Bivouac"|shequondolisa.bivouac@tribe29.com
1646731871|"Druid Wensleydale"|druid.wensleydale@tribe29.com
1646731872|"Hilary Ouse"|hilary.ouse@tribe29.com
1646731873|"Alan Fresco"|alan.fresco@tribe29.com
1646731875|"Desmond Eagle"|desmond.eagle@tribe29.com
1646731876|"Chauffina Carr"|chauffina.carr@tribe29.com
2204131404|"Muhammad Khan"|m.adnanshah00@gmail.com
2204131504|"Muhammad Khan"|m.adnansshah00@gmail.com
2204131504|"Muhammad Khan"|m.adnanshah00@gmaijjjl.com
2204131504|"Muhammad Adnan Khan"|Vendor2@gmail.com
2204131804|"MA KHAN"|m.adnansah00@gmail.com
2204131804|"Muhammad Adnan Khan"|m.adnansah00@gmail.cosm
2204131804|"Muhammad Adnan Khan"|dani92121@gmail.com
2204131804|"Muhammad Khan"|dani92121@gmail.coms
2204140004|"Muhammad Khan"|m.adnansah00@gmail.comss
2204140004|"Muhammad Khan"|m.adnansah00@gmail.comsss
2204140004|"Muhammad Adnan Khan"|m.adnanshah00@gmail.comsss
2204140004|"Muhammad Khan"|sssm.adnanshah00@gmail.coms
